编号,船名,国籍,稀有度,舰种,舰级,耐久,火力,护甲,鱼雷,防空,对潜,索敌,闪避,命中,幸运,航速,搭载,射程,船型,装备槽,装备,消耗油,消耗弹,维修油,维修钢,维修时间,分解资源(油弹钢铝),强化经验(火雷甲空)
001,胡德,英国,5,战巡,海軍上將級1號艦,75,68 | 93,65 | 80,0 | 0,40 | 70,0 | 0,13 | 40,27 | 60,40 | 96,5,31,3|3|3|3,长,大型,4,英國雙聯15英寸炮|英國雙聯4英寸炮|海象式,70,120,2.88,5.4,0.75,40|50|40|0,73|0|65|24
002,扶桑,日本,3,战列,扶桑型1番艦,67,70 | 90,61 | 81,0 | 0,20 | 50,0 | 0,9 | 36,21 | 43,38 | 94,7,25,3|3|3|3,长,大型,4,日本35.6釐米連裝炮|日本15.2釐米單裝炮,85,120,2.5,5.1,1,50|60|60|0,70|0|61|10
003,山城,日本,3,战列,扶桑型2番艦,67,70 | 90,61 | 81,0 | 0,20 | 50,0 | 0,9 | 36,21 | 43,38 | 94,7,25,3|3|3|3,长,大型,4,日本35.6釐米連裝炮|日本15.2釐米單裝炮,85,120,2.5,5.1,1,50|60|60|0,70|0|61|10
004,伊勢,日本,3,战列,伊勢型1番艦,74,71 | 91,62 | 82,0 | 0,22 | 52,0 | 0,10 | 37,24 | 46,38 | 94,16,24.5,3|3|3|3,长,大型,4,日本35.6釐米連裝炮|日本14釐米單裝炮,85,120,2.5,5.1,1,50|60|60|0,71|0|62|11
005,日向,日本,3,战列,伊勢型2番艦,74,71 | 91,62 | 82,0 | 0,22 | 52,0 | 0,10 | 37,24 | 46,38 | 94,16,24.5,3|3|3|3,长,大型,4,日本35.6釐米連裝炮|日本14釐米單裝炮,85,120,2.5,5.1,1,50|60|60|0,71|0|62|11
006,俾斯麥,德国,5,战列,俾斯麥級1號艦,90,72 | 92,80 | 100,0 | 0,25 | 55,0 | 0,16 | 43,26 | 48,40 | 96,15,30,4|4|4|4,长,大型,4,德國雙聯380毫米炮|德國雙聯150毫米炮|AR-196水上偵察機,90,130,4.2,8.8,1,50|60|60|0,72|0|84|13
007,提爾比茨,德国,5,战列,俾斯麥級2號艦,91,72 | 92,80 | 100,0 | 0,25 | 55,0 | 0,16 | 43,26 | 48,40 | 96,16,30.8,4|4|4|4,长,大型,4,德國雙聯380毫米炮|德國雙聯150毫米炮|AR-196水上偵察機,90,130,4.2,8.8,1,50|60|60|0,72|0|84|13
008,納爾遜,英国,4,战列,納爾遜級1號艦,72,84 | 104,72 | 92,0 | 0,42 | 72,0 | 0,12 | 39,19 | 41,39 | 95,20,23.5,0,长,大型,4,英國三聯16英寸炮|英國雙聯6英寸炮,90,140,3.2,6,1,50|60|60|0,89|0|72|27
009,羅德尼,英国,4,战列,納爾遜級2號艦,72,84 | 104,72 | 92,0 | 0,42 | 72,0 | 0,12 | 39,19 | 41,39 | 95,20,23.5,0,长,大型,4,英國三聯16英寸炮|英國雙聯6英寸炮,90,140,3.2,6,1,50|60|60|0,89|0|72|27
010,威爾士親王,英国,5,战列,英王喬治五世級2號艦,74,75 | 95,75 | 95,0 | 0,52 | 82,0 | 0,15 | 42,26 | 48,40 | 96,10,29,4|4|4|4,长,大型,4,英國四聯14英寸炮|英國雙聯5.25英寸炮|海象式,90,140,4.2,8,1,50|60|60|0,80|0|75|42
011,內華達,美国,3,战列,內華達級1號艦,64,65 | 85,68 | 88,0 | 0,33 | 63,0 | 0,10 | 37,15 | 37,38 | 94,25,21,3|3|3|3,长,大型,4,美國三聯14英寸炮|美國雙聯5英寸平高兩用炮,85,125,2.5,5.1,0.8,50|60|60|0,65|0|68|22
012,奧克拉荷馬,美国,3,战列,內華達級2號艦,64,65 | 85,68 | 88,0 | 0,33 | 63,0 | 0,10 | 37,15 | 37,38 | 94,10,21,3|3|3|3,长,大型,4,美國三聯14英寸炮|美國雙聯5英寸平高兩用炮,85,125,2.5,5.1,0.8,50|60|60|0,65|0|68|22
013,安德莉亞·多利亞,意大利,5,战列,安德莉亞·多利亞1號艦,54,59 | 79,59 | 79,0 | 0,18 | 48,0 | 0,10 | 37,22 | 44,40 | 96,20,22,3|3|3|3,长,大型,4,義大利三聯305毫米炮|標準型動力系統,70,110,2.25,4.55,1,50|60|60|0,59|0|59|9
016,榛名,日本,3,战巡,金剛型3番艦,63,65 | 90,55 | 70,0 | 0,20 | 50,0 | 0,13 | 40,32 | 65,38 | 94,22,30.3,3|3|3|3,长,大型,4,日本35.6釐米連裝炮|日本15.2釐米單裝炮,80,110,2.88,5.4,0.75,40|50|40|0,65|0|55|10
018,聲望,英国,3,战巡,聲望級1號艦,65,58 | 83,56 | 71,0 | 0,52 | 82,0 | 0,14 | 41,30 | 63,38 | 94,25,31.5,4|4|4|4,长,大型,4,英國雙聯15英寸炮|英國三聯4英寸炮,70,120,2.88,5.4,0.75,40|50|40|0,63|0|56|42
019,反擊,英国,3,战巡,聲望級2號艦,65,58 | 83,56 | 71,0 | 0,40 | 70,0 | 0,14 | 41,30 | 63,38 | 94,12,31.5,4|4|4|4,长,大型,4,英國雙聯15英寸炮|英國三聯4英寸炮,70,120,2.88,5.4,0.75,40|50|40|0,63|0|56|24
020,阿拉斯加,美国,5,战巡,阿拉斯加級1號艦,58,60 | 85,54 | 69,0 | 0,70 | 100,0 | 0,18 | 45,31 | 64,40 | 96,15,33,4|4|4|4,长,大型,4,美國三聯12英寸炮|美國雙聯5英寸平高兩用炮|美國博福斯40毫米防空炮(四聯),80,120,2.88,5.4,0.625,40|50|40|0,60|0|54|76
021,關島,美国,5,战巡,阿拉斯加級2號艦,58,60 | 85,54 | 69,0 | 0,70 | 100,0 | 0,18 | 45,31 | 64,40 | 96,15,33,4|4|4|4,长,大型,4,美國三聯12英寸炮|美國雙聯5英寸平高兩用炮|美國博福斯40毫米防空炮(四聯),80,120,2.88,5.4,0.625,40|50|40|0,60|0|54|76
022,赤城,日本,5,航母,赤城型1番艦,69,0 | 40,30 | 55,0 | 0,27 | 57,0 | 0,46 | 73,30 | 52,37 | 96,10,31.2,21|18|27|10,短,大型,4,零戰二一型|九九式艦爆|九七式艦攻,60,55,2.4,4.5,1,30|40|60|40,0|0|15|27
023,加賀,日本,5,航母,加賀型1番艦,71,0 | 40,32 | 62,0 | 0,32 | 62,0 | 0,43 | 70,26 | 48,37 | 96,13,28,17|18|43|12,短,大型,4,零戰二一型|九九式艦爆|九七式艦攻,60,55,2.56,4.8,1,30|40|60|40,0|0|16|32
024,祥鳳,日本,4,轻母,祥鳳型1番艦,32,0 | 20,17 | 37,0 | 0,18 | 48,0 | 0,36 | 63,30 | 52,34 | 90,12,29,17|12|3|0,短,中型,3,九九式艦爆|九七式艦攻,35,35,1.28,2.4,0.75,20|30|50|20,0|0|9|18
025,瑞鳳,日本,4,轻母,祥鳳型2番艦,32,0 | 20,17 | 37,0 | 0,18 | 48,0 | 0,36 | 63,30 | 52,34 | 90,20,29,17|12|3|0,短,中型,3,九九式艦爆|九七式艦攻,35,35,1.28,2.4,0.75,20|30|50|20,0|0|9|18
026,百眼巨人,英国,3,轻母,百眼巨人級1號艦,23,0 | 15,6 | 26,0 | 0,10 | 40,0 | 0,30 | 57,16 | 38,33 | 89,20,20.7,5|10|5|0,短,中型,3,劍魚|英國單裝4英寸炮,20,30,0.96,1.8,0.75,20|30|50|20,2|0|3|10
027,蘭利,美国,3,轻母,蘭利級1號艦,24,0 | 15,6 | 26,0 | 0,10 | 40,0 | 0,32 | 59,11 | 33,33 | 89,20,15,15|10|5|0,短,中型,3,F2A水牛,25,30,0.96,1.8,0.625,20|30|50|20,0|0|3|14
028,突擊者,美国,4,轻母,突擊者級1號艦,38,0 | 30,20 | 40,0 | 0,25 | 55,0 | 0,40 | 67,25 | 47,34 | 90,25,29.2,15|25|10|0,短,中型,3,SBD-3無畏|TBF復仇者,35,40,1.28,2.4,0.625,20|30|50|20,0|0|10|30
029,列克星敦,美国,4,航母,列克星敦級1號艦,63,0 | 35,40 | 65,0 | 0,37 | 67,0 | 0,42 | 69,30 | 52,36 | 95,20,33.2,20|20|30|10,短,大型,4,F2A水牛|SBD-3無畏|BTD-1毀滅者,55,60,2.08,3.9,0.8,30|40|60|40,0|0|20|43
030,薩拉托加,美国,4,航母,列克星敦級2號艦,63,0 | 35,40 | 65,0 | 0,55 | 85,0 | 0,42 | 69,30 | 52,36 | 95,22,33.2,20|20|30|10,短,大型,4,F2A水牛|SBD-3無畏|BTD-1毀滅者,55,60,2.08,3.9,0.8,30|40|60|40,0|0|20|80
032,高雄,日本,3,重巡,高雄型1番艦,45,42 | 62,33 | 48,21 | 56,20 | 50,0 | 0,16 | 54,37 | 81,35 | 91,15,35,2|2|2,中,中型,3,日本20.3釐米連裝炮|零式水上偵察機,40,65,1.28,2.4,0.75,30|40|30|0,42|14|17|10
033,愛宕,日本,3,重巡,高雄型2番艦,45,42 | 62,33 | 48,21 | 56,20 | 50,0 | 0,16 | 54,37 | 81,35 | 91,13,35,2|2|2,中,中型,3,日本20.3釐米連裝炮|零式水上偵察機,40,65,1.28,2.4,0.75,30|40|30|0,42|14|17|10
034,摩耶,日本,3,重巡,高雄型3番艦,45,42 | 62,33 | 48,21 | 56,20 | 50,0 | 0,16 | 54,37 | 81,35 | 91,14,35,2|2|2,中,中型,3,日本20.3釐米連裝炮,40,65,1.28,2.4,0.75,30|40|30|0,42|14|17|10
035,鳥海,日本,3,重巡,高雄型4番艦,45,42 | 62,33 | 48,21 | 56,20 | 50,0 | 0,16 | 54,37 | 81,35 | 91,15,35,2|2|2,中,中型,3,日本20.3釐米連裝炮,40,65,1.28,2.4,0.75,30|40|30|0,42|14|17|10
036,希佩爾海軍上將,德国,3,重巡,希佩爾海軍上將級1號艦,52,36 | 56,33 | 48,20 | 55,22 | 52,0 | 0,14 | 52,30 | 74,35 | 91,15,32.5,3|3|3,中,中型,3,德國雙聯203毫米炮,35,65,1.28,2.64,0.75,30|40|30|0,36|10|20|11
037,布呂歇爾,德国,3,重巡,希佩爾海軍上將級2號艦,52,36 | 56,33 | 48,20 | 55,22 | 52,0 | 0,14 | 52,30 | 74,35 | 91,15,32.5,3|3|3,中,中型,3,德國雙聯203毫米炮,35,65,1.28,2.64,0.75,30|40|30|0,36|10|20|11
038,歐根親王,德国,5,重巡,希佩爾海軍上將級3號艦,54,36 | 56,36 | 51,20 | 55,22 | 52,0 | 0,14 | 52,30 | 74,37 | 93,25,32,3|3|3,中,中型,3,德國雙聯203毫米炮,35,65,1.28,2.64,0.75,30|40|30|0,36|10|21|11
039,威奇塔,美国,4,重巡,威奇塔級1號艦,36,38 | 63,30 | 50,0 | 0,48 | 88,0 | 0,14 | 52,31 | 75,36 | 92,20,33,2|2|2,中,中型,3,美國三聯8英寸炮,40,70,1.28,2.4,0.625,30|40|30|0,38|0|15|52
040,昆西,美国,3,重巡,新奧爾良級6號艦,43,38 | 63,32 | 52,0 | 0,35 | 65,0 | 0,15 | 53,31 | 75,35 | 91,12,32.7,2|2|2,中,中型,3,美國三聯8英寸炮,40,70,1.28,2.4,0.625,30|40|30|0,38|0|16|23
041,天龍,日本,2,轻巡,天龍型1番艦,23,13 | 38,9 | 29,16 | 56,10 | 40,15 | 59,9 | 20,38 | 76,33 | 90,10,33,0,中,中型,3,日本14釐米單裝炮,25,20,0.8,1.5,0.5,5|8|5|0,7|19|5|5
042,龍田,日本,2,轻巡,天龍型2番艦,23,13 | 38,9 | 29,16 | 56,10 | 40,15 | 59,9 | 20,38 | 76,33 | 90,10,33,0,中,中型,3,日本14釐米單裝炮,25,20,0.8,1.5,0.5,5|8|5|0,7|19|5|5
043,北上,日本,3,轻巡,球磨型3番艦,25,16 | 41,9 | 29,18 | 58,10 | 40,15 | 59,10 | 21,40 | 78,33 | 90,25,36,0,中,中型,3,日本14釐米單裝炮|61釐米四連裝魚雷,25,25,0.8,1.5,0.5,10|16|10|0,8|21|5|5
044,大井,日本,3,轻巡,球磨型4番艦,25,16 | 41,9 | 29,18 | 58,10 | 40,15 | 59,10 | 21,40 | 78,33 | 90,10,36,0,中,中型,3,日本14釐米單裝炮|61釐米四連裝魚雷,25,25,0.8,1.5,0.5,10|16|10|0,8|21|5|5
045,五十鈴,日本,3,轻巡,長良型2番艦,25,16 | 41,9 | 29,18 | 58,10 | 40,15 | 59,10 | 21,40 | 78,33 | 90,12,36,1|1|1,中,中型,3,日本14釐米單裝炮,25,25,0.8,1.5,0.5,10|16|10|0,8|21|5|5
046,夕張,日本,4,轻巡,夕張型1番艦,19,16 | 41,13 | 33,15 | 55,13 | 43,15 | 59,10 | 21,40 | 78,34 | 91,15,35.5,0,中,中型,3,日本14釐米單裝炮|標準型動力系統,20,30,0.8,1.5,0.5,10|16|10|0,8|18|7|7
047,柯尼斯堡,德国,3,轻巡,柯尼斯堡級1號艦,33,21 | 46,18 | 38,20 | 60,17 | 47,26 | 70,9 | 20,31 | 69,33 | 90,15,32.5,2|2|2,中,中型,3,德國三聯150毫米炮|三聯533毫米魚雷,20,25,0.8,1.65,0.5,10|16|10|0,11|20|11|9
048,卡爾斯魯厄,德国,3,轻巡,柯尼斯堡級2號艦,33,21 | 46,18 | 38,20 | 60,17 | 47,26 | 70,9 | 20,31 | 69,33 | 90,15,32.5,2|2|2,中,中型,3,德國三聯150毫米炮|三聯533毫米魚雷,20,25,0.8,1.65,0.5,10|16|10|0,11|20|11|9
049,科隆,德国,3,轻巡,柯尼斯堡級3號艦,33,21 | 46,18 | 38,20 | 60,17 | 47,26 | 70,9 | 20,31 | 69,33 | 90,18,32.5,2|2|2,中,中型,3,德國三聯150毫米炮|三聯533毫米魚雷,20,25,0.8,1.65,0.5,10|16|10|0,11|20|11|9
050,天狼星,英国,5,轻巡,黛朵級8號艦,28,22 | 52,21 | 46,10 | 50,52 | 92,40 | 84,11 | 22,31 | 69,35 | 92,20,32,0,中,中型,3,英國雙聯5.25英寸炮|標準型對空雷達,20,30,0.96,1.8,0.5,10|16|10|0,15|10|11|52
051,林仙,英国,2,轻巡,林仙級1號艦,24,17 | 42,14 | 34,10 | 50,28 | 58,28 | 72,9 | 20,30 | 68,33 | 90,15,32,2|2|2,中,中型,3,英國雙聯6英寸炮,20,30,0.8,1.5,0.5,5|8|5|0,12|10|7|14
052,加拉蒂亞,英国,2,轻巡,林仙級2號艦,24,17 | 42,14 | 34,10 | 50,28 | 58,28 | 72,9 | 20,30 | 68,33 | 90,15,32,2|2|2,中,中型,3,英國雙聯6英寸炮,20,30,0.8,1.5,0.5,5|8|5|0,12|10|7|14
053,佩內洛珀,英国,2,轻巡,林仙級3號艦,24,17 | 42,15 | 35,10 | 50,28 | 58,28 | 72,9 | 20,30 | 68,33 | 90,15,32,2|2|2,中,中型,3,英國雙聯6英寸炮,20,30,0.8,1.5,0.5,5|8|5|0,12|10|8|14
054,曙光女神,英国,3,轻巡,林仙級4號艦,24,17 | 42,15 | 35,10 | 50,28 | 58,28 | 72,9 | 20,30 | 68,33 | 90,16,32,2|2|2,中,中型,3,英國雙聯6英寸炮,20,30,0.8,1.5,0.5,10|16|10|0,12|10|8|14
055,奧馬哈,美国,2,轻巡,奧馬哈級1號艦,28,20 | 45,15 | 35,18 | 58,30 | 60,18 | 62,8 | 19,32 | 70,33 | 90,20,35,2|2|2,中,中型,3,美國雙聯5英寸平高兩用炮|美國單裝5英寸炮,25,25,0.8,1.5,0.4,5|8|5|0,10|18|8|20
056,亞特蘭大,美国,3,轻巡,亞特蘭大級1號艦,27,24 | 54,19 | 44,0 | 0,58 | 98,40 | 84,12 | 23,31 | 69,33 | 90,10,33.6,0,中,中型,3,美國雙聯5英寸平高兩用炮,25,30,0.8,1.5,0.4,10|16|10|0,12|0|10|68
057,朱諾,美国,3,轻巡,亞特蘭大級2號艦,27,24 | 54,19 | 44,0 | 0,58 | 98,40 | 84,12 | 23,31 | 69,33 | 90,5,33.6,0,中,中型,3,美國雙聯5英寸平高兩用炮,25,30,0.8,1.5,0.4,10|16|10|0,12|0|10|68
058,布魯克林,美国,3,轻巡,布魯克林級1號艦,33,32 | 62,27 | 52,0 | 0,42 | 82,25 | 69,12 | 23,31 | 69,33 | 90,15,31.5,4|4|4,中,中型,3,美國三聯6英寸炮,30,35,0.8,1.5,0.4,10|16|10|0,16|0|14|43
059,海倫娜,美国,4,轻巡,布魯克林級9號艦,33,32 | 62,29 | 54,0 | 0,45 | 85,25 | 69,12 | 23,31 | 69,34 | 91,15,31.5,4|4|4,中,中型,3,美國三聯6英寸炮|標準型對海雷達,30,35,0.8,1.5,0.4,10|16|10|0,16|0|15|48
060,寧海,中国,4,轻巡,寧海級1號艦,20,16 | 41,13 | 33,16 | 56,16 | 46,20 | 64,8 | 19,24 | 62,34 | 91,20,23.2,1|1|1,中,中型,3,中國雙聯140毫米炮,15,20,0.64,1.2,0.5,10|16|10|0,8|16|7|8
061,平海,中国,4,轻巡,寧海級2號艦,20,16 | 41,13 | 33,16 | 56,12 | 42,20 | 64,8 | 19,22 | 60,34 | 91,20,21.3,0,中,中型,3,中國雙聯140毫米炮,15,20,0.64,1.2,0.5,10|16|10|0,8|16|7|6
062,羅伯茨,英国,3,重炮,羅伯茨級1號艦,28,26 | 56,32 | 52,0 | 0,24 | 54,0 | 0,10 | 21,10 | 43,32 | 87,20,12.2,0,长,小型,2,英國雙聯15英寸炮,15,30,0.64,1.2,0.5,20|20|30|0,30|0|32|0
063,阿貝克隆比,英国,3,重炮,羅伯茨級2號艦,28,26 | 56,32 | 52,0 | 0,24 | 54,0 | 0,10 | 21,10 | 43,32 | 87,18,12.2,0,长,小型,2,英國雙聯15英寸炮,15,30,0.64,1.2,0.5,20|20|30|0,30|0|32|0
064,吹雪,日本,2,驱逐,吹雪型1番艦,15,11 | 31,7 | 22,25 | 75,7 | 37,16 | 49,6 | 17,43 | 87,30 | 87,12,37,0,短,小型,2,日本12.7釐米連裝炮|61釐米三連裝魚雷,15,20,0.48,0.9,0.5,2|4|3|0,0|28|7|0
065,白雪,日本,2,驱逐,吹雪型2番艦,15,11 | 31,7 | 22,25 | 75,7 | 37,16 | 49,6 | 17,43 | 87,30 | 87,9,37,0,短,小型,2,日本12.7釐米連裝炮,15,20,0.48,0.9,0.5,2|4|3|0,0|28|7|0
066,初雪,日本,2,驱逐,吹雪型3番艦,15,11 | 31,7 | 22,25 | 75,7 | 37,16 | 49,6 | 17,43 | 87,30 | 87,9,37,0,短,小型,2,日本12.7釐米連裝炮,15,20,0.48,0.9,0.5,2|4|3|0,0|28|7|0
067,深雪,日本,2,驱逐,吹雪型4番艦,15,11 | 31,7 | 22,25 | 75,7 | 37,16 | 49,6 | 17,43 | 87,30 | 87,5,37,0,短,小型,2,日本12.7釐米連裝炮,15,20,0.48,0.9,0.5,2|4|3|0,0|28|7|0
068,曉,日本,3,驱逐,曉型1番艦,15,11 | 31,7 | 22,25 | 75,8 | 38,16 | 49,6 | 17,43 | 87,30 | 87,20,38,0,短,小型,2,日本12.7釐米連裝炮|61釐米三連裝魚雷,15,20,0.48,0.9,0.5,4|8|6|0,0|28|7|0
069,響,日本,3,驱逐,曉型2番艦,15,11 | 31,7 | 22,25 | 75,8 | 38,16 | 49,6 | 17,43 | 87,30 | 87,13,38,0,短,小型,2,日本12.7釐米連裝炮,15,20,0.48,0.9,0.5,4|8|6|0,0|28|7|0
070,雷,日本,3,驱逐,曉型3番艦,15,11 | 31,7 | 22,25 | 75,8 | 38,16 | 49,6 | 17,43 | 87,30 | 87,13,38,0,短,小型,2,日本12.7釐米連裝炮,15,20,0.48,0.9,0.5,4|8|6|0,0|28|7|0
071,電,日本,3,驱逐,曉型4番艦,15,11 | 31,7 | 22,25 | 75,8 | 38,16 | 49,6 | 17,43 | 87,30 | 87,15,38,0,短,小型,2,日本12.7釐米連裝炮,15,20,0.48,0.9,0.5,4|8|6|0,0|28|7|0
072,綾波,日本,2,驱逐,綾波型1番艦,15,11 | 31,7 | 22,25 | 75,10 | 40,16 | 49,6 | 17,43 | 87,30 | 87,9,38,0,短,小型,2,日本12.7釐米連裝炮|61釐米三連裝魚雷,15,20,0.48,0.9,0.5,2|4|3|0,0|28|7|0
073,敷波,日本,1,驱逐,綾波型2番艦,15,11 | 31,7 | 22,25 | 75,10 | 40,16 | 49,6 | 17,43 | 87,30 | 87,9,38,0,短,小型,2,日本12.7釐米連裝炮,15,20,0.48,0.9,0.5,2|4|3|0,0|28|7|0
074,Z1,德国,2,驱逐,1934型1號艦,18,8 | 28,8 | 23,24 | 74,11 | 41,22 | 55,6 | 17,38 | 82,30 | 87,15,38.2,0,短,小型,2,德國單裝127毫米炮|四聯533毫米魚雷,10,20,0.48,0.99,0.5,2|4|3|0,0|24|10|0
075,Z16,德国,2,驱逐,1934A型11號艦,18,8 | 28,8 | 23,24 | 74,11 | 41,22 | 55,6 | 17,38 | 82,30 | 87,10,38.2,0,短,小型,2,德國單裝127毫米炮,10,20,0.48,0.99,0.5,2|4|3|0,0|24|10|0
076,Z21,德国,1,驱逐,1936型5號艦,20,13 | 33,10 | 25,24 | 74,12 | 42,22 | 55,6 | 17,38 | 82,30 | 87,10,38.5,0,短,小型,2,德國單裝127毫米炮,10,20,0.48,0.99,0.5,2|4|3|0,0|24|12|0
077,Z22,德国,1,驱逐,1936型6號艦,20,13 | 33,10 | 25,24 | 74,12 | 42,22 | 55,6 | 17,38 | 82,30 | 87,10,38.5,0,短,小型,2,德國單裝127毫米炮,10,20,0.48,0.99,0.5,2|4|3|0,0|24|12|0
078,Z24,德国,2,驱逐,1936A型2號艦,21,13 | 33,10 | 25,24 | 74,11 | 41,22 | 55,6 | 17,36 | 80,30 | 87,10,36,0,短,小型,2,德國單裝150毫米炮,10,20,0.48,0.99,0.5,2|4|3|0,0|24|12|0
079,Z28,德国,2,驱逐,1936A型6號艦,21,13 | 33,10 | 25,24 | 74,11 | 41,22 | 55,6 | 17,36 | 80,30 | 87,10,36,0,短,小型,2,德國單裝150毫米炮,10,20,0.48,0.99,0.5,2|4|3|0,0|24|12|0
080,Z31,德国,3,驱逐,1936AM型1號艦,22,13 | 33,11 | 26,24 | 74,11 | 41,22 | 55,6 | 17,36 | 80,30 | 87,10,36,0,短,小型,2,德國單裝150毫米炮|四聯533毫米魚雷,10,20,0.48,0.99,0.5,4|8|6|0,0|24|13|0
081,紫石英,英国,2,驱逐,F116,13,8 | 28,4 | 19,5 | 55,12 | 42,35 | 68,4 | 15,33 | 77,30 | 87,13,20,0,短,小型,2,英國雙聯4英寸炮,10,25,0.48,0.9,0.5,2|4|3|0,3|5|4|0
082,螢火蟲,英国,2,驱逐,G級4號艦,14,7 | 27,5 | 20,18 | 68,15 | 45,28 | 61,5 | 16,36 | 80,30 | 87,8,36,0,短,小型,2,英國雙聯4.7英寸炮|五聯533毫米魚雷,10,25,0.48,0.9,0.5,2|4|3|0,3|18|5|0
083,標槍,英国,2,驱逐,J級8號艦,14,9 | 29,5 | 20,20 | 70,15 | 45,28 | 61,5 | 16,36 | 80,30 | 87,15,36,0,短,小型,2,英國雙聯4.7英寸炮,10,25,0.48,0.9,0.5,2|4|3|0,3|20|5|0
084,天后,英国,2,驱逐,J級4號艦,14,9 | 29,5 | 20,20 | 70,15 | 45,28 | 61,5 | 16,36 | 80,30 | 87,10,36,0,短,小型,2,英國雙聯4.7英寸炮,10,25,0.48,0.9,0.5,2|4|3|0,3|20|5|0
085,黑背豺,英国,2,驱逐,J級2號艦,14,9 | 29,5 | 20,20 | 70,15 | 45,28 | 61,5 | 16,36 | 80,30 | 87,10,36,0,短,小型,2,英國雙聯4.7英寸炮,10,25,0.48,0.9,0.5,2|4|3|0,3|20|5|0
086,哥薩克人,英国,1,驱逐,部族級4號艦,17,13 | 33,7 | 22,12 | 62,15 | 45,26 | 59,5 | 16,36 | 80,30 | 87,10,35.5,0,短,小型,2,英國雙聯4.7英寸炮|四聯533毫米魚雷,10,25,0.48,0.9,0.5,2|4|3|0,3|12|7|0
090,卡辛楊,美国,1,驱逐,DD-793,17,8 | 28,7 | 22,20 | 70,24 | 54,25 | 58,6 | 17,37 | 81,30 | 87,22,37,0,短,小型,2,美國單裝5英寸炮,15,25,0.48,0.9,0.4,2|4|3|0,0|20|7|5
091,安東尼,美国,1,驱逐,DD-515,17,8 | 28,7 | 22,20 | 70,24 | 54,25 | 58,6 | 17,37 | 81,30 | 87,20,37,0,短,小型,2,美國單裝5英寸炮,15,25,0.48,0.9,0.4,2|4|3|0,0|20|7|5
092,布雷恩,美国,1,驱逐,DD-630,17,8 | 28,7 | 22,20 | 70,24 | 54,25 | 58,6 | 17,37 | 81,30 | 87,20,37,0,短,小型,2,美國單裝5英寸炮,15,25,0.48,0.9,0.4,2|4|3|0,0|20|7|5
093,基林,美国,2,驱逐,DD-710,20,10 | 30,8 | 23,20 | 70,28 | 58,30 | 63,6 | 17,32 | 76,30 | 87,20,35,0,短,小型,2,美國雙聯5英寸平高兩用炮|五聯533毫米魚雷,15,25,0.48,0.9,0.4,2|4|3|0,0|20|8|5
094,基阿特,美国,2,驱逐,DD-712,20,10 | 30,8 | 23,20 | 70,28 | 58,30 | 63,6 | 17,32 | 76,30 | 87,25,35,0,短,小型,2,美國雙聯5英寸平高兩用炮,15,25,0.48,0.9,0.4,2|4|3|0,0|20|8|5
095,弗蘭克·諾克斯,美国,2,驱逐,DD-742,20,10 | 30,8 | 23,20 | 70,28 | 58,30 | 63,6 | 17,32 | 76,30 | 87,22,35,0,短,小型,2,美國雙聯5英寸平高兩用炮,15,25,0.48,0.9,0.4,2|4|3|0,0|20|8|5
096,鮑爾,美国,2,驱逐,DD-839,20,10 | 30,8 | 23,20 | 70,28 | 58,30 | 63,6 | 17,32 | 76,30 | 87,23,35,0,短,小型,2,美國雙聯5英寸平高兩用炮,15,25,0.48,0.9,0.4,2|4|3|0,0|20|8|5
097,果敢,苏联,4,驱逐,7型17號艦,18,12 | 32,8 | 23,12 | 62,20 | 50,24 | 57,5 | 16,39 | 83,31 | 88,25,39,0,短,小型,2,蘇聯單裝130毫米炮|四聯533毫米魚雷,10,15,0.48,0.9,0.5,4|8|6|0,0|12|8|0
098,沃克蘭,法国,1,驱逐,沃克蘭級1號艦,20,12 | 32,5 | 20,22 | 72,10 | 40,30 | 63,6 | 17,40 | 84,30 | 87,10,40,0,短,小型,2,法國單裝138毫米炮|三聯533毫米魚雷,10,20,0.48,0.9,0.5,2|4|3|0,0|22|5|0
099,空想,法国,5,驱逐,空想級1號艦,22,12 | 32,7 | 22,25 | 75,15 | 45,40 | 73,8 | 19,50 | 94,32 | 89,10,42,0,短,小型,2,法國單裝138毫米炮|改良型動力系統,20,25,0.64,1.2,0.5,4|8|6|0,0|25|7|0
106,田納西,美国,3,战列,田納西級1號艦,70,74 | 94,70 | 90,0 | 0,33 | 63,0 | 0,12 | 39,15 | 37,38 | 94,28,21,3|3|3|3,长,大型,4,美國三聯14英寸炮,85,120,2.5,5.1,0.8,50|60|60|0,74|0|70|22
107,加利福尼亞,美国,3,战列,田納西級2號艦,70,74 | 94,70 | 90,0 | 0,35 | 65,0 | 0,12 | 39,15 | 37,38 | 94,20,21,3|3|3|3,长,大型,4,美國三聯14英寸炮|標準型對空雷達,85,120,2.5,5.1,0.8,50|60|60|0,74|0|70|23
123,柏格,美国,3,轻母,柏格級1號艦,35,0 | 20,7 | 27,0 | 0,33 | 63,0 | 0,36 | 63,15 | 37,33 | 89,15,16.5,15|10|3|0,短,中型,3,F4F野貓|TBF復仇者,35,40,1.28,2.4,0.625,20|30|50|20,0|0|4|38
126,普林斯頓,美国,3,轻母,獨立級2號艦,36,0 | 20,20 | 40,0 | 0,45 | 65,0 | 0,39 | 66,28 | 50,33 | 89,10,31,10|15|10|0,短,中型,3,F4F野貓|TBF復仇者,35,40,1.28,2.4,0.625,20|30|50|20,0|0|10|50
128,德意志,德国,3,战巡,德意志級1號艦,55,43 | 68,35 | 50,12 | 42,20 | 50,0 | 0,13 | 40,25 | 58,38 | 94,13,27.5,2|2|2,长,大型,3,德國三聯283毫米炮|柴油機,50,90,2.08,4.3,0.75,40|50|40|0,43|0|38|10
129,舍爾海軍上將,德国,3,战巡,德意志級2號艦,55,43 | 68,35 | 50,12 | 42,20 | 50,0 | 0,13 | 40,25 | 58,38 | 94,15,27.5,2|2|2,长,大型,3,德國三聯283毫米炮|柴油機,50,90,2.08,4.3,0.75,40|50|40|0,43|0|38|10
130,斯佩伯爵海軍上將,德国,4,战巡,德意志級3號艦,57,43 | 68,36 | 50,12 | 42,22 | 52,0 | 0,14 | 41,25 | 58,39 | 95,8,27.5,2|2|2,长,大型,3,德國三聯283毫米炮|柴油機,50,90,2.08,4.3,0.75,40|50|40|0,43|0|39|11
131,古鷹,日本,3,重巡,古鷹型1番艦,36,28 | 48,26 | 41,16 | 51,18 | 48,0 | 0,11 | 49,35 | 79,35 | 91,10,35,2|2|2,中,中型,3,日本20.3釐米連裝炮,40,65,1.28,2.4,0.75,30|40|30|0,28|10|13|9
132,加古,日本,3,重巡,古鷹型2番艦,36,28 | 48,26 | 41,16 | 51,18 | 48,0 | 0,11 | 49,35 | 79,35 | 91,15,35,2|2|2,中,中型,3,日本20.3釐米連裝炮,40,65,1.28,2.4,0.75,30|40|30|0,28|10|13|9
133,青葉,日本,3,重巡,青葉型1番艦,37,28 | 48,27 | 42,16 | 51,18 | 48,0 | 0,11 | 49,35 | 79,35 | 91,20,35,2|2|2,中,中型,3,日本20.3釐米連裝炮,40,65,1.28,2.4,0.75,30|40|30|0,28|10|14|9
134,衣笠,日本,3,重巡,青葉型2番艦,37,28 | 48,27 | 42,16 | 51,18 | 48,0 | 0,11 | 49,35 | 79,35 | 91,15,35,2|2|2,中,中型,3,日本20.3釐米連裝炮,40,65,1.28,2.4,0.75,30|40|30|0,28|10|14|9
135,倫敦,英国,3,重巡,倫敦級1號艦,50,35 | 55,28 | 41,18 | 53,36 | 66,0 | 0,15 | 53,31 | 75,35 | 91,13,32.5,2|2|2,中,中型,3,英國雙聯8英寸炮,35,70,1.28,2.4,0.75,30|40|30|0,39|9|14|18
136,肯特,英国,3,重巡,肯特級1號艦,49,34 | 54,25 | 40,10 | 45,35 | 65,0 | 0,14 | 52,30 | 74,35 | 91,15,32.5,2|2|2,中,中型,3,英國雙聯8英寸炮,35,70,1.28,2.4,0.75,30|40|30|0,38|5|13|18
137,波特蘭,美国,3,重巡,波特蘭級1號艦,49,38 | 63,33 | 53,0 | 0,38 | 68,0 | 0,16 | 54,31 | 75,35 | 91,20,32.7,2|2|2,中,中型,3,美國三聯8英寸炮,40,70,1.28,2.4,0.625,30|40|30|0,38|0|17|26
138,印弟安納波里斯,美国,4,重巡,波特蘭級2號艦,49,38 | 63,33 | 53,0 | 0,48 | 78,0 | 0,16 | 54,31 | 75,36 | 92,10,32.7,2|2|2,中,中型,3,美國三聯8英寸炮|極密貨物,40,70,1.28,2.4,0.625,30|40|30|0,38|0|17|42
139,彭薩柯拉,美国,3,重巡,彭薩柯拉級1號艦,47,40 | 65,33 | 53,0 | 0,36 | 66,0 | 0,16 | 54,30 | 74,35 | 91,16,32.5,2|2|2,中,中型,3,美國三聯8英寸炮,40,70,1.28,2.4,0.625,30|40|30|0,40|0|17|23
140,鹽湖城,美国,3,重巡,彭薩柯拉級2號艦,47,40 | 65,33 | 53,0 | 0,36 | 66,0 | 0,16 | 54,30 | 74,35 | 91,15,32.5,2|2|2,中,中型,3,美國三聯8英寸炮,40,70,1.28,2.4,0.625,30|40|30|0,40|0|17|23
141,北安普頓,美国,3,重巡,北安普頓級1號艦,45,38 | 63,33 | 53,0 | 0,38 | 68,0 | 0,16 | 54,31 | 75,35 | 91,15,32.5,2|2|2,中,中型,3,美國三聯8英寸炮|美國四聯1.1英寸防空炮,40,70,1.28,2.4,0.625,30|40|30|0,38|0|17|26
142,休斯頓,美国,3,重巡,北安普頓級5號艦,45,38 | 63,33 | 53,0 | 0,38 | 68,0 | 0,16 | 54,31 | 75,35 | 91,15,32.5,2|2|2,中,中型,3,美國三聯8英寸炮|美國四聯1.1英寸防空炮,40,70,1.28,2.4,0.625,30|40|30|0,38|0|17|26
143,新奧爾良,美国,3,重巡,新奧爾良級1號艦,43,38 | 63,32 | 52,0 | 0,35 | 65,0 | 0,15 | 53,31 | 75,35 | 91,12,32.7,2|2|2,中,中型,3,美國三聯8英寸炮,40,70,1.28,2.4,0.625,30|40|30|0,38|0|16|23
149,埃姆登,德国,2,轻巡,埃姆登級1號艦,30,17 | 42,18 | 38,8 | 44,16 | 46,24 | 68,8 | 19,26 | 64,33 | 90,20,29,0,中,中型,3,德國單裝150毫米炮,20,25,0.8,1.65,0.5,5|8|5|0,9|8|11|8
153,貝爾法斯特,英国,5,轻巡,愛丁堡級2號艦,35,27 | 52,30 | 50,10 | 50,40 | 70,20 | 64,10 | 21,30 | 68,35 | 92,40,33,2|2|2,中,中型,3,英國三聯6英寸炮,20,30,0.8,1.5,0.5,10|16|10|0,18|10|15|24
158,聖胡安,美国,3,轻巡,亞特蘭大級4號艦,27,24 | 54,19 | 44,0 | 0,58 | 98,40 | 84,12 | 23,31 | 69,33 | 90,15,33.6,0,中,中型,3,美國雙聯5英寸平高兩用炮,25,30,0.8,1.5,0.4,10|16|10|0,12|0|10|68
161,德·魯伊特,荷兰,2,轻巡,無番號,28,19 | 49,15 | 40,0 | 0,25 | 55,30 | 74,8 | 19,32 | 70,33 | 90,10,33,2|2|2,中,中型,3,荷蘭雙聯152毫米炮,25,25,0.8,1.5,0.5,5|8|5|0,10|0|8|13
162,逸仙,中国,4,轻巡,無番號,18,12 | 37,10 | 30,10 | 50,20 | 50,25 | 69,8 | 19,21 | 59,34 | 91,35,20,0,中,中型,3,中國單裝150毫米炮,15,20,0.64,1.2,0.5,10|16|10|0,6|10|5|10
164,秋月,日本,2,驱逐,秋月型1番艦,19,13 | 33,7 | 22,18 | 68,28 | 58,23 | 56,7 | 18,36 | 80,30 | 87,10,33,0,短,小型,2,日本10釐米連裝炮,15,20,0.48,0.9,0.5,2|4|3|0,0|21|7|0
165,涼月,日本,2,驱逐,秋月型3番艦,19,13 | 33,7 | 22,18 | 68,28 | 58,23 | 56,7 | 18,37 | 81,30 | 87,10,34,0,短,小型,2,日本10釐米連裝炮,15,20,0.48,0.9,0.5,2|4|3|0,0|21|7|0
166,陽炎,日本,3,驱逐,陽炎型1番艦,16,12 | 32,7 | 22,28 | 78,11 | 41,21 | 54,7 | 18,37 | 81,30 | 87,12,34,0,短,小型,2,日本12.7釐米連裝炮,15,20,0.48,0.9,0.5,4|8|6|0,0|31|7|0
167,不知火,日本,2,驱逐,陽炎型2番艦,16,12 | 32,7 | 22,28 | 78,11 | 41,21 | 54,7 | 18,37 | 81,30 | 87,10,34,0,短,小型,2,日本12.7釐米連裝炮,15,20,0.48,0.9,0.5,2|4|3|0,0|31|7|0
168,黑潮,日本,2,驱逐,陽炎型3番艦,16,12 | 32,7 | 22,28 | 78,11 | 41,21 | 54,7 | 18,37 | 81,30 | 87,10,34,0,短,小型,2,日本12.7釐米連裝炮,15,20,0.48,0.9,0.5,2|4|3|0,0|31|7|0
169,雪風,日本,5,驱逐,陽炎型8番艦,16,12 | 32,7 | 22,28 | 78,20 | 50,21 | 54,7 | 18,45 | 89,32 | 89,50,38.2,0,短,小型,2,日本12.7釐米連裝炮|61釐米四連裝魚雷,15,20,0.48,0.9,0.5,4|8|6|0,0|31|7|0
183,拉菲,美国,4,驱逐,DD-724,22,10 | 30,10 | 30,20 | 70,30 | 60,32 | 65,7 | 18,36 | 80,31 | 88,45,38.5,0,短,小型,2,美國雙聯5英寸平高兩用炮|五聯533毫米魚雷,15,25,0.48,0.9,0.4,4|8|6|0,0|20|10|5
192,塔什干,苏联,5,驱逐,20I型1號艦,24,13 | 33,8 | 23,25 | 75,16 | 46,20 | 53,5 | 16,45 | 89,32 | 89,16,42.7,0,短,小型,2,蘇聯雙聯130毫米炮|改良型動力系統,10,20,0.48,0.9,0.5,4|8|6|0,0|25|8|0
253,應瑞,中国,3,轻巡,應瑞級1號艦,23,14 | 39,16 | 36,10 | 50,10 | 40,20 | 64,7 | 18,15 | 53,33 | 90,15,20,0,中,中型,3,中國單裝150毫米炮,15,20,0.64,1.2,0.5,10|16|10|0,7|10|8|5
254,肇和,中国,3,轻巡,應瑞級2號艦,24,14 | 39,16 | 36,10 | 50,10 | 40,20 | 64,7 | 18,15 | 53,33 | 90,15,20,0,中,中型,3,中國單裝150毫米炮,15,20,0.64,1.2,0.5,10|16|10|0,7|10|8|5
298,蘇赫巴托爾,蒙古,6,补给,無番號,10,9 | 29,3 | 13,0 | 0,5 | 35,0 | 0,5 | 16,30 | 96,33 | 90,50,15,0,短,小型,2,,10,10,1,1,0.5,2|2|2|0,5|0|2|0
366,鸚鵡螺,美国,5,潜艇,SS-168,24,8 | 28,13 | 28,23 | 73,0 | 0,0 | 0,15 | 48,16 | 38,32 | 96,24,17.4,0,短,小型,2,21英寸魚雷(潛艇),20,20,0.75,0.7,0.4,10|10|20|0,0|23|13|0
1013,安德莉亞·多利亞,意大利,6,战列,安德莉亞·多利亞級1號艦,64,64 | 89,64 | 89,0 | 0,35 | 70,0 | 0,13 | 40,30 | 63,46 | 102,20,27,3|3|3|3,长,大型,4,義大利三聯320毫米炮|普列塞水下防護系統,70,110,2.25,4.55,1,50|60|60|0,64|0|64|22
1026,百眼巨人,英国,4,轻母,百眼巨人級1號艦,38,0 | 25,15 | 35,0 | 0,33 | 63,0 | 0,40 | 78,24 | 47,37 | 95,20,20.7,8|12|8|0,短,中型,3,海噴火|梭魚,20,30,0.96,1.8,0.75,20|30|50|20,2|0|8|33
1027,蘭利,美国,4,轻母,蘭利級1號艦,39,0 | 25,16 | 36,0 | 0,42 | 72,0 | 0,42 | 80,19 | 42,37 | 95,20,15,15|10|10|0,短,中型,3,FM-2|TBF復仇者,25,30,0.96,1.8,0.625,20|30|50|20,0|0|8|54
1028,突擊者,美国,4,航母,突擊者級1號艦,48,0 | 30,28 | 48,0 | 0,35 | 65,0 | 0,50 | 88,43 | 76,39 | 100,25,29.2,15|20|25|5,短,大型,4,美國厄利孔20毫米炮(雙聯)|改良型對空雷達,45,50,1.68,3.2,0.7,30|40|60|40,0|0|14|40
1032,高雄,日本,4,重巡,高雄型1番艦,55,45 | 70,38 | 53,32 | 72,28 | 58,0 | 0,20 | 58,43 | 89,40 | 97,10,35,2|2|2,中,中型,4,日本暫稱20.3釐米連裝炮3號炮|零式水上偵察機|61釐米四連裝氧氣魚雷,40,65,1.28,2.4,0.75,30|40|30|0,45|19|19|14
1033,愛宕,日本,4,重巡,高雄型2番艦,55,45 | 70,38 | 53,32 | 72,28 | 58,0 | 0,20 | 58,43 | 89,40 | 97,10,35,2|2|2,中,中型,4,日本暫稱20.3釐米連裝炮3號炮|零式水上偵察機|61釐米四連裝氧氣魚雷,40,65,1.28,2.4,0.75,30|40|30|0,45|19|19|14
1034,摩耶,日本,4,重巡,高雄型3番艦,55,43 | 68,37 | 52,32 | 72,37 | 67,0 | 0,20 | 58,43 | 89,40 | 97,10,35,2|2|2,中,中型,4,日本暫稱20.3釐米連裝炮3號炮|61釐米四連裝氧氣魚雷|日本12.7釐米連裝高射炮|改良型對空雷達,40,65,1.28,2.4,0.75,30|40|30|0,43|19|19|20
1035,鳥海,日本,4,重巡,高雄型4番艦,55,45 | 70,38 | 53,32 | 72,25 | 55,0 | 0,20 | 58,43 | 89,40 | 97,10,35,2|2|2,中,中型,4,日本暫稱20.3釐米連裝炮3號炮|零式水上偵察機|61釐米四連裝氧氣魚雷,40,65,1.28,2.4,0.75,30|40|30|0,45|19|19|13
1041,天龍,日本,3,轻巡,天龍型1番艦,38,16 | 46,12 | 32,28 | 73,23 | 53,28 | 72,10 | 32,46 | 85,36 | 95,17,33,0,中,中型,3,日本14釐米單裝炮|日本12.7釐米連裝高射炮,25,20,0.8,1.5,0.5,10|16|10|0,8|31|6|12
1042,龍田,日本,3,轻巡,天龍型2番艦,38,16 | 46,12 | 32,28 | 73,23 | 53,28 | 72,10 | 32,46 | 85,36 | 95,17,33,0,中,中型,3,日本14釐米單裝炮,25,20,0.8,1.5,0.5,10|16|10|0,8|31|6|12
1046,夕張,日本,5,轻巡,夕張型1番艦,34,22 | 52,15 | 35,30 | 75,25 | 55,33 | 66,16 | 38,60 | 98,38 | 97,17,35.5,0,中,中型,4,日本14釐米單裝炮|改良型動力系統,20,30,0.8,1.5,0.5,10|16|10|0,11|33|8|13
1059,海倫娜,美国,5,轻巡,布魯克林級9號艦,48,36 | 71,32 | 57,0 | 0,55 | 85,25 | 80,22 | 55,39 | 78,39 | 97,15,31.5,4|4|4,中,中型,3,美國三聯6英寸炮|改良型對海雷達,30,35,0.8,1.5,0.4,10|16|10|0,18|0|16|53
1060,寧海,中国,5,轻巡,寧海級1號艦,35,18 | 48,19 | 39,21 | 66,24 | 54,20 | 75,13 | 35,32 | 71,38 | 97,25,23.2,1|1|1,中,中型,3,中國雙聯140毫米炮|“寧海號”艦載機,15,20,0.64,1.2,0.5,10|16|10|0,9|21|10|12
1061,平海,中国,5,轻巡,寧海級2號艦,35,18 | 48,19 | 39,21 | 66,10 | 40,20 | 75,13 | 35,30 | 69,38 | 97,25,21.3,0,中,中型,3,中國雙聯140毫米炮|射擊鐘,15,20,0.64,1.2,0.5,10|16|10|0,9|21|10|5
1064,吹雪,日本,4,驱逐,吹雪型1番艦,30,12 | 37,12 | 37,36 | 91,16 | 46,20 | 64,7 | 40,53 | 97,33 | 93,17,37,0,短,小型,3,日本12.7釐米連裝炮|61釐米三連裝氧氣魚雷,15,20,0.48,0.9,0.5,4|8|6|0,0|39|12|0
1065,白雪,日本,3,驱逐,吹雪型2番艦,30,12 | 37,12 | 37,36 | 91,16 | 46,20 | 64,7 | 40,53 | 97,32 | 92,10,37,0,短,小型,3,日本12.7釐米連裝炮|61釐米三連裝氧氣魚雷,15,20,0.48,0.9,0.5,4|8|6|0,0|39|12|0
1074,Z1,德国,4,驱逐,1934型1號艦,38,13 | 38,15 | 40,24 | 79,16 | 46,22 | 66,8 | 35,48 | 92,33 | 93,15,38.2,0,短,小型,3,德國單裝127毫米炮|四聯533毫米磁性魚雷,10,20,0.48,0.99,0.5,4|8|6|0,0|24|17|0
1075,Z16,德国,4,驱逐,1934A型11號艦,38,13 | 38,15 | 40,24 | 79,16 | 46,22 | 66,6 | 33,48 | 92,33 | 93,10,38.2,0,短,小型,3,德國單裝127毫米炮|四聯533毫米磁性魚雷,10,20,0.48,0.99,0.5,4|8|6|0,0|24|17|0
1080,Z31,德国,4,驱逐,1936AM型1號艦,42,15 | 40,18 | 43,24 | 79,16 | 46,22 | 66,6 | 33,46 | 90,33 | 93,10,36,0,短,小型,3,德國雙聯150毫米炮|四聯533毫米魚雷|雷達告警裝置,10,20,0.48,0.99,0.5,4|8|6|0,0|24|20|0
1082,螢火蟲,英国,4,驱逐,G級4號艦,29,13 | 38,17 | 47,24 | 79,20 | 50,33 | 77,7 | 34,46 | 90,33 | 93,8,36,0,短,小型,3,附加裝甲(小型)|發煙筒,10,25,0.48,0.9,0.5,4|8|6|0,3|24|17|0
1083,標槍,英国,3,驱逐,J級8號艦,29,15 | 40,12 | 37,24 | 79,25 | 55,33 | 77,7 | 34,46 | 90,32 | 92,15,36,0,短,小型,3,英國雙聯4.7英寸炮|先進型深彈投射器,10,25,0.48,0.9,0.5,4|8|6|0,3|24|12|0
1084,天后,英国,3,驱逐,J級4號艦,29,15 | 40,12 | 37,24 | 79,25 | 55,33 | 77,7 | 34,47 | 91,32 | 92,10,36,0,短,小型,3,英國雙聯4.7英寸炮|先進型深彈投射器,10,25,0.48,0.9,0.5,4|8|6|0,3|24|12|0
1085,黑背豺,英国,4,驱逐,J級2號艦,29,15 | 40,13 | 38,24 | 79,25 | 55,33 | 77,7 | 34,46 | 90,33 | 93,10,36,0,短,小型,3,英國雙聯4.7英寸炮|先進型深彈投射器,10,25,0.48,0.9,0.5,4|8|6|0,3|24|13|0
1093,基林,美国,4,驱逐,DD-710,35,18 | 43,15 | 40,28 | 83,45 | 75,40 | 84,10 | 43,42 | 86,33 | 93,20,35,0,短,小型,3,美國雙聯5英寸平高兩用炮|五聯533毫米魚雷（MK17）|改良型火控雷達,15,25,0.48,0.9,0.4,4|8|6|0,0|28|15|15
1123,柏格,美国,4,轻母,柏格級1號艦,50,0 | 30,17 | 37,0 | 0,43 | 73,0 | 0,40 | 67,20 | 46,37 | 95,26,16.5,16|12|4|0,短,中型,3,FM-2|TBM-3,30,35,1.12,2.1,0.8,20|30|50|20,0|0|9|56
1135,倫敦,英国,4,重巡,倫敦級1號艦,60,40 | 65,35 | 50,20 | 60,49 | 79,0 | 0,25 | 63,37 | 83,40 | 97,13,32.5,0,中,中型,4,英國雙聯8英寸炮|改良型對海雷達,35,70,1.28,2.4,0.75,30|40|30|0,44|10|18|38
1136,肯特,英国,4,重巡,肯特級1號艦,59,39 | 64,30 | 45,20 | 60,45 | 75,0 | 0,24 | 62,36 | 82,40 | 97,15,32.5,0,中,中型,4,英國雙聯8英寸炮|標準型火控雷達|兇猛的大老虎,35,70,1.28,2.4,0.75,30|40|30|0,43|10|15|32
1162,逸仙,中国,5,轻巡,無番號,33,17 | 47,13 | 33,13 | 58,35 | 65,25 | 80,16 | 38,29 | 68,38 | 97,35,20,0,中,中型,3,美國單裝5英寸炮|改良型對海雷達|豪華木傢俱,30,35,0.8,1.5,0.4,10|16|10|0,9|13|7|18
8116,戈本,土耳其,5,战巡,毛奇級2號艦,59,48 | 73,45 | 60,0 | 0,15 | 45,0 | 0,10 | 37,27 | 49,40 | 96,45,28.4,0,长,大型,4,德國雙聯280毫米主炮(舊)|德國單裝150毫米炮,55,100,2.88,5.4,0.75,40|50|40|0,48|0|45|8
